{
  "winner": {
    "algorithm": "kmeans",
    "graph": "none",
    "run_id": "kmeans__none__n_clusters100",
    "params": "{\"n_clusters\": 100}",
    "n_clusters": 100,
    "noise_pct": 0.0,
    "silhouette": 0.4008857705066546,
    "silhouette_lo": 0.3949134448008868,
    "silhouette_hi": 0.4062591860065691,
    "davies_bouldin": 0.773328013175227,
    "calinski_harabasz": 40380.45224827953,
    "bb_join_ratio": 0.9847123268053416,
    "bb_join_p": 0.0,
    "intra_inter_ratio": 0.0561730317519709,
    "detection_rate": 100.0,
    "single_cluster_rate": 90.0,
    "tight_placement_rate": 10.0,
    "area_accuracy_rate": 65.0,
    "median_area_ratio": 1.61,
    "composite": 0.7130480243961496
  },
  "all_best_per_algorithm": [
    {
      "algorithm": "kmeans",
      "graph": "none",
      "run_id": "kmeans__none__n_clusters100",
      "params": "{\"n_clusters\": 100}",
      "n_clusters": 100,
      "noise_pct": 0.0,
      "silhouette": 0.4008857705066546,
      "silhouette_lo": 0.3949134448008868,
      "silhouette_hi": 0.4062591860065691,
      "davies_bouldin": 0.773328013175227,
      "calinski_harabasz": 40380.45224827953,
      "bb_join_ratio": 0.9847123268053416,
      "bb_join_p": 0.0,
      "intra_inter_ratio": 0.0561730317519709,
      "detection_rate": 100.0,
      "single_cluster_rate": 90.0,
      "tight_placement_rate": 10.0,
      "area_accuracy_rate": 65.0,
      "median_area_ratio": 1.61,
      "composite": 0.7130480243961496
    },
    {
      "algorithm": "louvain",
      "graph": "prox_10000m",
      "run_id": "louvain__prox_10000m__resolution5p0",
      "params": "{\"resolution\": 5.0}",
      "n_clusters": 186,
      "noise_pct": 0.0,
      "silhouette": 0.336681494960324,
      "silhouette_lo": 0.32669259597001,
      "silhouette_hi": 0.3489771593758033,
      "davies_bouldin": 0.6672650523584477,
      "calinski_harabasz": 21867.566499018467,
      "bb_join_ratio": 0.9914431993125916,
      "bb_join_p": 0.0,
      "intra_inter_ratio": 0.0593045927683584,
      "detection_rate": 100.0,
      "single_cluster_rate": 95.0,
      "tight_placement_rate": 20.0,
      "area_accuracy_rate": 65.0,
      "median_area_ratio": 1.77,
      "composite": 0.7109613801811641
    },
    {
      "algorithm": "agglomerative",
      "graph": "prox_2500m",
      "run_id": "agglomerative__prox_2500m__n_clusters150",
      "params": "{\"n_clusters\": 150}",
      "n_clusters": 150,
      "noise_pct": 0.0,
      "silhouette": 0.3854413929503517,
      "silhouette_lo": 0.3798147388853894,
      "silhouette_hi": 0.3909923129605456,
      "davies_bouldin": 0.7781654901077462,
      "calinski_harabasz": 40297.50665810792,
      "bb_join_ratio": 0.9964913536930292,
      "bb_join_p": 0.0,
      "intra_inter_ratio": 0.0470160705239841,
      "detection_rate": 100.0,
      "single_cluster_rate": 90.0,
      "tight_placement_rate": 40.0,
      "area_accuracy_rate": 75.0,
      "median_area_ratio": 1.0,
      "composite": 0.7081078883138344
    },
    {
      "algorithm": "hdbscan",
      "graph": "none",
      "run_id": "hdbscan__none__cluster_selection_methodeom_min_cluster_size15_min_samples1",
      "params": "{\"min_cluster_size\": 15, \"min_samples\": 1, \"cluster_selection_method\": \"eom\"}",
      "n_clusters": 293,
      "noise_pct": 18.453,
      "silhouette": 0.4012569282307365,
      "silhouette_lo": 0.393141170732028,
      "silhouette_hi": 0.4068447371351074,
      "davies_bouldin": 0.7006148514744812,
      "calinski_harabasz": 32454.417293380597,
      "bb_join_ratio": 0.9036196340983136,
      "bb_join_p": 0.0,
      "intra_inter_ratio": 0.0446482384021588,
      "detection_rate": 100.0,
      "single_cluster_rate": 75.0,
      "tight_placement_rate": 50.0,
      "area_accuracy_rate": 65.0,
      "median_area_ratio": 0.57,
      "composite": 0.687981602401606
    },
    {
      "algorithm": "spectral",
      "graph": "prox_10000m",
      "run_id": "spectral__prox_10000m__n_clusters300",
      "params": "{\"n_clusters\": 300}",
      "n_clusters": 300,
      "noise_pct": 0.0,
      "silhouette": 0.1849106071948464,
      "silhouette_lo": 0.1786906886328501,
      "silhouette_hi": 0.1897914743563347,
      "davies_bouldin": 0.9573983819250076,
      "calinski_harabasz": 402.32968515395606,
      "bb_join_ratio": 0.98030861766496,
      "bb_join_p": 0.0,
      "intra_inter_ratio": 0.5703245469129073,
      "detection_rate": 100.0,
      "single_cluster_rate": 90.0,
      "tight_placement_rate": 45.0,
      "area_accuracy_rate": 80.0,
      "median_area_ratio": 1.44,
      "composite": 0.6376496230132326
    },
    {
      "algorithm": "dbscan",
      "graph": "none",
      "run_id": "dbscan__none__eps5000_min_samples3",
      "params": "{\"eps\": 5000, \"min_samples\": 3}",
      "n_clusters": 328,
      "noise_pct": 4.146,
      "silhouette": -0.1027511500315607,
      "silhouette_lo": -0.1089008103200614,
      "silhouette_hi": -0.092446375730273,
      "davies_bouldin": 0.6575423548506312,
      "calinski_harabasz": 1742.699508609281,
      "bb_join_ratio": 0.996956786366403,
      "bb_join_p": 0.0,
      "intra_inter_ratio": 0.1902194562002831,
      "detection_rate": 100.0,
      "single_cluster_rate": 100.0,
      "tight_placement_rate": 30.0,
      "area_accuracy_rate": 60.0,
      "median_area_ratio": 2.04,
      "composite": 0.6206605667811264
    }
  ],
  "friedman": [
    {
      "metric": "silhouette",
      "statistic": NaN,
      "p_value": NaN,
      "n_graphs": 0,
      "n_algorithms": 3,
      "note": "insufficient data for Friedman"
    },
    {
      "metric": "davies_bouldin",
      "statistic": NaN,
      "p_value": NaN,
      "n_graphs": 0,
      "n_algorithms": 3,
      "note": "insufficient data for Friedman"
    },
    {
      "metric": "calinski_harabasz",
      "statistic": NaN,
      "p_value": NaN,
      "n_graphs": 0,
      "n_algorithms": 3,
      "note": "insufficient data for Friedman"
    },
    {
      "metric": "detection_rate",
      "statistic": NaN,
      "p_value": NaN,
      "n_graphs": 0,
      "n_algorithms": 3,
      "note": "insufficient data for Friedman"
    },
    {
      "metric": "single_cluster_rate",
      "statistic": NaN,
      "p_value": NaN,
      "n_graphs": 0,
      "n_algorithms": 3,
      "note": "insufficient data for Friedman"
    },
    {
      "metric": "bb_join_ratio",
      "statistic": NaN,
      "p_value": NaN,
      "n_graphs": 0,
      "n_algorithms": 3,
      "note": "insufficient data for Friedman"
    }
  ],
  "output_geojson": "D:\\Projects\\Conifer_holiday\\data\\output\\clusters.geojson",
  "output_size_mb": 10.192
}